step,train_loss,val_loss,val_loss_shuffled,lr_projector
1000,0.6204,0.6570,0.9888,3.00e-04
2000,0.6649,0.6270,1.0114,2.96e-04
3000,0.6475,0.6082,1.0256,2.89e-04
4000,0.6339,0.5978,1.0628,2.79e-04
5000,0.6269,0.5919,1.0528,2.66e-04
6000,0.6202,0.5754,1.0242,2.50e-04
7000,0.5688,0.5764,1.0772,2.33e-04
8000,0.5573,0.5661,1.0654,2.13e-04
9000,0.5545,0.5621,1.0938,1.92e-04
10000,0.5501,0.5549,1.0959,1.70e-04
11000,0.5430,0.5480,1.0833,1.49e-04
12000,0.5379,0.5451,1.0829,1.27e-04
13000,0.4935,0.5601,1.1471,1.07e-04
14000,0.4380,0.5626,1.1507,8.83e-05
15000,0.4364,0.5620,1.1521,7.15e-05
16000,0.4379,0.5547,1.1627,5.71e-05
17000,0.4316,0.5530,1.1671,4.55e-05
18000,0.4243,0.5542,1.1747,3.70e-05
19000,0.4091,0.5797,1.2161,3.18e-05
20000,0.3490,0.5886,1.2305,3.00e-05
