epoch,step,train_loss,temperature,i2t_R@1,i2t_R@5,i2t_R@10,t2i_R@1,t2i_R@5,t2i_R@10
0,781,3.5010,0.0628,0.1450,0.3970,0.5490,0.1510,0.4170,0.5520
1,1562,2.5265,0.0550,0.1940,0.4840,0.6280,0.1910,0.4810,0.6400
2,2343,2.1298,0.0493,0.2220,0.5390,0.6920,0.2330,0.5460,0.6940
3,3124,1.7898,0.0440,0.2390,0.5320,0.6710,0.2570,0.5590,0.6900
4,3905,1.4930,0.0394,0.2550,0.5700,0.6980,0.2720,0.5750,0.7050
5,4686,1.2317,0.0354,0.2640,0.5860,0.7060,0.2720,0.5890,0.7240
6,5467,1.0301,0.0324,0.2490,0.5500,0.6850,0.2580,0.5720,0.6840
7,6248,0.8756,0.0303,0.2710,0.5800,0.6870,0.2700,0.5650,0.7170
8,7029,0.7492,0.0286,0.2750,0.5630,0.6900,0.2940,0.5790,0.7020
9,7810,0.6475,0.0272,0.2760,0.5680,0.7010,0.2630,0.5830,0.7130
10,8591,0.5615,0.0261,0.2760,0.5840,0.6850,0.2720,0.6000,0.7210
11,9372,0.4905,0.0253,0.2790,0.5630,0.6780,0.2750,0.5820,0.7220
12,10153,0.4354,0.0248,0.2740,0.5620,0.6780,0.2740,0.5940,0.7260
13,10934,0.4004,0.0246,0.2750,0.5590,0.6690,0.2710,0.5820,0.7120
14,11715,0.3787,0.0245,0.2780,0.5460,0.6710,0.2690,0.5840,0.7070
