epoch,pooling,val_macro_f1,val_accuracy
0,cls,0.1621,0.2422
0,mean,0.1637,0.2410
10,cls,0.2318,0.2873
10,mean,0.2451,0.3110
20,cls,0.2412,0.2983
20,mean,0.2755,0.3365
30,cls,0.2679,0.3265
30,mean,0.2829,0.3495
40,cls,0.2764,0.3277
40,mean,0.3002,0.3595
50,cls,0.2780,0.3443
50,mean,0.3046,0.3640
60,cls,0.2912,0.3540
60,mean,0.2949,0.3588
70,cls,0.2985,0.3578
70,mean,0.3071,0.3675
80,cls,0.3041,0.3623
80,mean,0.3058,0.3685
90,cls,0.3089,0.3685
90,mean,0.3016,0.3610
100,cls,0.3099,0.3708
100,mean,0.3035,0.3605
