epoch,loss,minutes
1,0.805635,8.23
2,0.769044,7.90
3,0.650258,7.90
4,0.524030,7.92
5,0.486912,7.94
6,0.466897,7.92
7,0.452679,7.91
8,0.442657,7.90
9,0.435454,7.91
10,0.430192,7.90
11,0.425546,7.89
12,0.422008,7.88
13,0.418271,7.90
14,0.416029,7.90
15,0.412992,7.89
16,0.411352,7.90
17,0.408961,7.89
18,0.407475,7.88
19,0.405519,7.92
20,0.404407,7.88
21,0.403335,7.89
22,0.402181,7.91
23,0.400826,7.91
24,0.400411,7.90
25,0.399158,7.91
26,0.398313,7.88
27,0.397380,7.88
28,0.396391,7.90
29,0.396010,7.90
30,0.394513,7.90
31,0.394024,7.89
32,0.393320,7.91
33,0.392755,7.89
34,0.392062,7.92
35,0.391769,7.88
36,0.391108,7.89
37,0.390468,7.89
38,0.389883,7.90
39,0.389450,7.89
40,0.389014,7.89
41,0.388271,7.89
42,0.387842,7.92
43,0.387505,7.92
44,0.386685,7.89
45,0.386573,7.88
46,0.385775,7.93
47,0.385634,7.89
48,0.384996,7.90
49,0.384316,7.90
50,0.384540,7.88
51,0.383563,7.88
52,0.383317,7.88
53,0.383001,7.88
54,0.382201,7.89
55,0.382063,7.88
56,0.381736,7.87
57,0.381247,7.91
58,0.380788,7.95
59,0.380397,8.46
60,0.380310,9.23
61,0.379697,14.69
62,0.379231,13.33
63,0.378752,7.94
64,0.378526,8.03
65,0.377894,7.92
66,0.377677,7.95
67,0.377545,8.01
68,0.376828,7.95
69,0.376680,7.95
70,0.376470,7.94
71,0.375979,7.91
72,0.375529,7.93
73,0.375393,11.00
74,0.374623,7.91
75,0.374577,7.90
76,0.374314,8.00
77,0.374110,7.94
78,0.373713,7.91
79,0.373459,7.90
80,0.373055,7.89
81,0.372802,7.89
82,0.372715,7.88
83,0.372359,7.90
84,0.372040,7.86
85,0.372093,7.87
86,0.371730,7.88
87,0.371471,7.88
88,0.371426,7.89
89,0.371189,7.87
90,0.371015,7.86
91,0.370623,7.89
92,0.370593,7.86
93,0.370565,7.88
94,0.370367,7.89
95,0.370340,7.87
96,0.370265,7.86
97,0.370264,7.88
98,0.370052,7.88
99,0.370148,7.89
100,0.369929,7.88
